"";"2012";"2013";"2014";"2015";"2016";"2017";"2018";"2019";"2020";"2021";"2022"
"Neighborhoods and neighbourhoods";"number";"number";"number";"number";"number";"number";"number";"number";"number";"number";"number"
"Amsterdam";"98700";"99226";"94278";"94465";"90216";"85201";"80852";"80588";"70572";"64289";"76465"
"Haarlemmerbuurt";"944";"1085";"1089";"1125";"1238";"1076";"989";"952";"880";"653";"791"
"Planciusbuurt-Noord";"13";"23";"13";"14";"11";"16";"20";"8";"20";"13";"5"
"Western Islands";"139";"159";"120";"152";"103";"120";"133";"114";"136";"102";"93"
"Westerdokseiland";"121";"180";"203";"193";"207";"195";"168";"204";"167";"116";"149"
"Planciusbuurt-Zuid";"12";"13";"10";"14";"10";"11";"15";"14";"17";"13";"7"
"Haarlemmerbuurt-West";"339";"363";"343";"375";"537";"433";"404";"355";"311";"249";"289"
"Haarlemmerbuurt-Oost";"320";"347";"400";"377";"370";"301";"249";"257";"229";"160";"248"
"Jordan";"2116";"2115";"2271";"2170";"1851";"1766";"1669";"1762";"1587";"1375";"1880"
"Marnixbuurt-Noord";"107";"99";"109";"127";"95";"85";"95";"92";"69";"87";"100"
"Triangle neighborhood";"196";"161";"186";"196";"133";"139";"142";"128";"128";"124";"157"
"Anjeliersbuurt-Noord";"236";"235";"272";"220";"177";"158";"155";"155";"156";"133";"177"
"Zaagpoortbuurt";"83";"88";"81";"82";"82";"67";"64";"82";"69";"92";"80"
"Anjeliersbuurt-Zuid";"268";"240";"266";"220";"227";"178";"167";"174";"154";"168";"211"
"Marnixbuurt-Middle";"110";"116";"105";"101";"73";"78";"72";"55";"66";"36";"95"
"Bloemgracht area";"250";"277";"277";"292";"269";"246";"233";"224";"195";"149";"235"
"Groenmarktkadebuurt";"105";"134";"173";"172";"152";"169";"79";"96";"102";"52";"73"
"Marnixbuurt-Zuid";"138";"157";"167";"147";"128";"156";"153";"216";"165";"143";"249"
"Elandsgracht neighborhood";"497";"495";"502";"498";"412";"402";"422";"459";"408";"327";"412"
"Passeerdersgrachtbuurt";"126";"113";"133";"115";"103";"88";"87";"81";"75";"64";"91"
"Canal Belt-West";"1346";"1202";"1381";"1305";"1333";"1064";"989";"961";"818";"631";"1069"
"Langestraat and surrounding areas";"200";"183";"205";"234";"225";"163";"192";"192";"136";"105";"146"
"Leliegracht and surrounding areas";"357";"317";"371";"349";"374";"283";"277";"271";"210";"164";"271"
"Felix Meritisbuurt";"672";"604";"695";"612";"627";"539";"432";"403";"399";"300";"549"
"Leidsegracht-Noord";"117";"98";"110";"110";"107";"79";"88";"95";"73";"62";"103"
"Burgwallen-Nieuwe Zijde";"6861";"7240";"6897";"7559";"7125";"6915";"6530";"6236";"3396";"2899";"5261"
"Station square and surrounding areas";"1686";"1995";"2089";"2702";"2458";"2408";"2314";"2228";"1141";"1053";"1917"
"Heavenly";"423";"434";"399";"467";"466";"443";"365";"359";"258";"189";"370"
"Nieuwendijk-Noord";"558";"598";"668";"646";"654";"633";"681";"582";"278";"281";"501"
"Spuistraat-Noord";"357";"368";"340";"386";"334";"292";"295";"272";"197";"145";"254"
"New Church etc";"1364";"1400";"1306";"1278";"1239";"1524";"1397";"1205";"655";"533";"810"
"Spuistraat-Zuid";"941";"862";"632";"524";"546";"505";"513";"535";"293";"274";"494"
"Beguinage area";"966";"1018";"871";"912";"865";"721";"623";"614";"391";"302";"578"
"Calf Triangle";"566";"565";"592";"644";"563";"389";"342";"441";"183";"122";"337"
"Burgwallen-Oude Zijde";"3731";"4260";"4048";"4254";"4335";"3841";"3726";"3239";"1756";"1373";"2882"
"Kop Zeedijk";"604";"666";"597";"642";"633";"607";"578";"486";"265";"186";"463"
"Old Church etc";"1774";"2026";"1845";"2043";"1905";"1775";"1675";"1439";"723";"560";"1165"
"Burgwallen-Oost";"820";"994";"985";"958";"1187";"996";"907";"775";"471";"398";"806"
"Nes eo";"334";"381";"386";"392";"388";"306";"365";"368";"184";"129";"283"
"BG site and surrounding area";"199";"193";"235";"219";"222";"157";"201";"171";"113";"100";"165"
"Nieuwmarkt/Lastage";"1989";"2052";"2289";"2141";"2102";"1866";"2168";"2111";"1265";"1046";"1723"
"Oosterdokseiland";"169";"295";"343";"354";"278";"271";"442";"477";"215";"142";"231"
"Lastage";"159";"133";"194";"172";"151";"141";"164";"153";"89";"87";"168"
"Scheepvaarthuisbuurt";"219";"229";"283";"260";"219";"187";"203";"198";"122";"114";"265"
"Rapenburg";"138";"104";"150";"203";"154";"136";"149";"114";"96";"77";"131"
"Nieuwmarkt";"206";"207";"250";"237";"230";"208";"201";"189";"120";"105";"124"
"Uilenburg";"297";"312";"299";"219";"324";"281";"293";"281";"177";"157";"227"
"Valkenburg";"90";"81";"89";"70";"76";"66";"88";"80";"62";"44";"60"
"Zuiderkerkbuurt";"272";"261";"274";"286";"303";"268";"237";"218";"157";"112";"191"
"Waterloopleinbuurt";"439";"430";"407";"340";"367";"308";"391";"401";"227";"208";"326"
"Canal Belt-South";"4375";"4599";"3910";"3782";"3430";"2969";"2722";"2507";"1138";"809";"2729"
"Leidsegracht-Zuid";"323";"369";"296";"294";"295";"247";"249";"238";"96";"104";"291"
"Geelvinckbuurt";"681";"814";"619";"665";"710";"639";"552";"504";"167";"115";"704"
"Rembrandtplein and surrounding areas";"2306";"2375";"1987";"1883";"1558";"1306";"1153";"1083";"408";"247";"1044"
"Spiegelbuurt";"325";"364";"334";"353";"245";"260";"216";"207";"152";"95";"172"
"Vijzelstraat area";"354";"293";"278";"269";"338";"253";"282";"241";"133";"127";"254"
"Amstelveldbuurt";"386";"384";"396";"318";"284";"264";"270";"234";"182";"121";"264"
"The Weteringschans";"4147";"4168";"3689";"3418";"2967";"2729";"2328";"2250";"1222";"899";"1819"
"Leidsebuurt-Northwest";"679";"557";"514";"568";"547";"455";"410";"345";"139";"78";"307"
"Leidsebuurt-Noordoost";"1473";"1581";"1346";"1224";"1006";"957";"738";"670";"300";"186";"543"
"Weteringbuurt";"331";"284";"254";"232";"251";"204";"220";"223";"163";"148";"189"
"Utrechtsebuurt-Zuid";"148";"150";"128";"111";"96";"98";"112";"100";"80";"61";"86"
"Leidsebuurt-Zuidwest";"712";"781";"634";"552";"411";"392";"286";"313";"124";"78";"282"
"Leidsebuurt-Zuidoost";"442";"419";"385";"388";"310";"295";"265";"325";"164";"100";"177"
"Den Texbuurt";"189";"207";"216";"162";"190";"158";"144";"139";"135";"128";"142"
"Frederikspleinbuurt";"173";"189";"212";"181";"156";"170";"153";"135";"117";"120";"93"
"Weesperbuurt/Plantage";"1036";"911";"1023";"964";"870";"885";"1011";"990";"798";"747";"857"
"Weesperbuurt";"363";"291";"322";"266";"279";"289";"345";"305";"223";"212";"267"
"Plantage";"286";"240";"280";"275";"212";"240";"250";"253";"223";"208";"271"
"Sarphatistrook";"349";"345";"397";"393";"349";"321";"373";"399";"320";"291";"289"
"Alexanderplein e.o.";"38";"35";"24";"30";"30";"35";"43";"33";"32";"36";"30"
"Oostelijke Eilanden/Kadijken";"1081";"983";"918";"1042";"967";"933";"821";"774";"909";"753";"902"
"Marine-Etablissement";"67";"106";"99";"105";"72";"75";"65";"59";"56";"52";"82"
"Kattenburg";"69";"85";"61";"84";"85";"99";"64";"60";"63";"61";"53"
"Wittenburg";"163";"138";"122";"147";"169";"135";"127";"80";"131";"112";"116"
"Oostenburg";"102";"116";"126";"126";"130";"111";"109";"127";"96";"97";"159"
"Czaar Peterbuurt";"190";"184";"148";"182";"153";"186";"162";"143";"193";"189";"143"
"Het Funen";"106";"76";"61";"90";"102";"71";"67";"75";"73";"44";"91"
"Kadijken";"226";"191";"168";"200";"161";"155";"122";"141";"217";"129";"158"
"Kazernebuurt";"158";"87";"133";"108";"95";"101";"105";"89";"80";"69";"100"
"Havens-West";"627";"304";"264";"292";"358";"332";"267";"286";"232";"206";"238"
"Afrikahaven";"28";"46";"47";"44";"26";"31";"36";"42";"48";"27";"53"
"Amerikahaven";"69";"60";"66";"59";"52";"70";"65";"93";"49";"69";"64"
"Westhaven-Noord";"82";"60";"39";"45";"45";"42";"42";"64";"58";"36";"31"
"Petroleumhaven";"46";"23";"33";"28";"20";"25";"26";"26";"28";"27";"24"
"Vervoerscentrum";"371";"94";"63";"104";"188";"139";"81";"39";"21";"31";"39"
"Westhaven-Zuid";"31";"21";"16";"12";"27";"25";"17";"22";"28";"16";"27"
"Coenhaven/Minervahaven";"146";"155";"145";"134";"241";"275";"233";"241";"206";"253";"261"
"Coenhaven";"5";"8";"12";"7";"12";"8";"9";"7";"14";"12";"18"
"Vlothaven";"11";"15";"17";"17";"8";"7";"10";"11";"11";"11";"10"
"Minervahaven-Noordoost";"13";"28";"22";"19";"41";"26";"29";"46";"13";"50";"52"
"Minervahaven-Noordwest";"26";"35";"30";"19";"11";"17";"25";"17";"26";"19";"13"
"Minervahaven-Zuidwest";"21";"10";"8";"7";"14";"5";"6";"7";"6";"4";"5"
"Minervahaven-Zuidoost";"37";"41";"19";"19";"24";"18";"23";"16";"19";"12";"34"
"Alfa-driehoek";"27";"15";"31";"28";"23";"24";"31";"26";"15";"27";"23"
"Hemknoop-Noord";"6";"3";"6";"18";"108";"170";"100";"111";"102";"118";"106"
"Sloterdijk-West";"411";"339";"302";"338";"378";"575";"414";"456";"328";"317";"383"
"Isolatorbuurt";"166";"126";"140";"205";"230";"397";"288";"271";"166";"175";"216"
"Contactbuurt";"64";"71";"56";"51";"54";"99";"64";"93";"60";"67";"73"
"Woon- en Groengebied Sloterdijk";"181";"142";"106";"82";"94";"79";"62";"92";"102";"75";"94"
"Spaarndammerbuurt/Zeeheldenbuurt";"1030";"1004";"1029";"963";"878";"791";"871";"833";"751";"751";"904"
"Hemknoop-Zuid";"25";"15";"15";"7";"10";"11";"74";"58";"42";"45";"42"
"Overbraker Binnenpolder";"13";"26";"17";"23";"8";"15";"12";"18";"19";"28";"15"
"Zaanstraat emplacement";"6";"6";"3";"2";"5";"6";"4";"4";"2";"0";"0"
"Spaarndammerbuurt-Noordwest";"111";"126";"121";"122";"111";"106";"98";"111";"63";"89";"95"
"Spaarndammerbuurt-Midden";"89";"99";"99";"99";"76";"64";"91";"82";"95";"88";"132"
"Spaarndammerbuurt-Zuidwest";"118";"106";"101";"102";"103";"84";"106";"100";"93";"87";"106"
"Spaarndammerbuurt-Noordoost";"154";"149";"131";"139";"123";"125";"120";"122";"167";"139";"153"
"Zeeheldenbuurt";"143";"108";"110";"140";"93";"97";"80";"71";"91";"77";"93"
"Westergasfabriek";"299";"296";"372";"246";"292";"248";"231";"208";"110";"142";"223"
"Spaarndammerbuurt-Zuidoost";"72";"73";"60";"83";"57";"35";"55";"59";"69";"56";"45"
"Houthavens";"84";"94";"73";"60";"41";"47";"59";"99";"167";"164";"130"
"Houthavens-West";"49";"58";"47";"30";"15";"27";"41";"83";"140";"142";"111"
"Houthavens-Oost";"35";"36";"26";"30";"26";"20";"18";"16";"27";"22";"19"
"De Kolenkit";"614";"642";"504";"555";"541";"503";"481";"535";"576";"521";"569"
"Kolenkitbuurt-Noord";"185";"206";"168";"191";"191";"176";"152";"202";"194";"168";"174"
"Kolenkitbuurt-Zuid";"177";"191";"133";"128";"112";"98";"108";"99";"117";"97";"94"
"Laan van Spartaan";"103";"100";"105";"127";"112";"97";"97";"111";"113";"120";"142"
"Robert Scottbuurt-West";"149";"145";"98";"109";"126";"132";"124";"123";"152";"136";"159"
"Landlust";"1617";"1784";"1488";"1617";"1460";"1346";"1054";"1077";"1189";"1040";"1241"
"Bosleeuw";"698";"791";"622";"713";"680";"652";"405";"409";"476";"419";"397"
"Gibraltarbuurt";"269";"262";"271";"260";"248";"181";"212";"202";"223";"203";"220"
"Bedrijventerrein Landlust";"57";"73";"52";"60";"49";"55";"47";"55";"68";"61";"152"
"Landlust-Noord";"156";"168";"127";"153";"105";"112";"97";"113";"107";"82";"134"
"Erasmusparkbuurt-Oost";"165";"185";"147";"152";"135";"111";"90";"83";"100";"85";"110"
"Landlust-Zuid";"272";"305";"269";"279";"243";"235";"203";"215";"215";"190";"228"
"Erasmuspark";"558";"499";"446";"437";"383";"362";"309";"339";"337";"342";"291"
"Robert Scottbuurt-Oost";"108";"89";"85";"93";"85";"85";"86";"82";"79";"85";"56"
"Erasmusparkbuurt-West";"450";"410";"361";"344";"298";"277";"223";"257";"258";"257";"235"
"Centrale Markt";"339";"317";"345";"313";"325";"340";"201";"254";"186";"186";"225"
"Bedrijvencentrum Westerkwartier";"175";"174";"139";"106";"159";"164";"58";"59";"60";"43";"71"
"GWL-terrein";"57";"63";"85";"78";"49";"59";"36";"54";"48";"77";"53"
"Markthallen";"35";"23";"59";"58";"70";"62";"61";"79";"35";"17";"45"
"Marcanti";"72";"57";"62";"71";"47";"55";"46";"62";"43";"49";"56"
"Staatsliedenbuurt";"703";"727";"680";"864";"731";"684";"636";"684";"690";"582";"607"
"Westerstaatsman";"153";"147";"141";"213";"153";"132";"125";"150";"146";"110";"137"
"Fannius Scholtenbuurt";"156";"196";"192";"225";"161";"168";"157";"178";"180";"139";"161"
"Staatsliedenbuurt-Noordoost";"89";"68";"83";"80";"73";"86";"71";"73";"68";"71";"66"
"De Wittenbuurt-Noord";"103";"119";"83";"104";"106";"101";"81";"82";"86";"87";"67"
"De Wittenbuurt-Zuid";"67";"59";"60";"82";"68";"56";"56";"56";"65";"46";"60"
"Buyskade e.o.";"135";"138";"121";"160";"170";"141";"146";"145";"145";"129";"116"
"Frederik Hendrikbuurt";"606";"634";"627";"664";"568";"549";"519";"508";"583";"544";"574"
"Frederik Hendrikbuurt-Noord";"231";"239";"263";"250";"205";"207";"196";"188";"189";"201";"208"
"Frederik Hendrikbuurt-Zuidwest";"57";"84";"80";"82";"66";"72";"68";"61";"94";"67";"75"
"Frederik Hendrikbuurt-Zuidoost";"318";"311";"284";"332";"297";"270";"255";"259";"300";"276";"291"
"Van Galenbuurt";"464";"417";"396";"409";"416";"399";"388";"361";"334";"356";"409"
"Mercatorpark";"92";"120";"94";"86";"107";"133";"134";"113";"69";"75";"109"
"Orteliusbuurt-Noord";"90";"68";"59";"89";"77";"59";"44";"43";"69";"67";"66"
"Jan Maijenbuurt";"153";"119";"138";"119";"131";"102";"100";"101";"107";"118";"114"
"John Franklinbuurt";"129";"110";"105";"115";"101";"105";"110";"104";"89";"96";"120"
"Geuzenbuurt";"541";"469";"414";"465";"470";"402";"387";"456";"481";"461";"444"
"Pieter van der Doesbuurt";"123";"101";"121";"150";"163";"130";"136";"159";"175";"184";"172"
"Trompbuurt";"311";"279";"229";"225";"208";"195";"175";"206";"221";"199";"171"
"Geuzenhofbuurt";"107";"89";"64";"90";"99";"77";"76";"91";"85";"78";"101"
"Hoofdweg e.o.";"989";"793";"798";"838";"781";"708";"628";"654";"714";"729";"787"
"Orteliusbuurt-Midden";"181";"160";"158";"158";"126";"119";"102";"110";"126";"119";"149"
"Balboaplein e.o.";"356";"300";"296";"337";"308";"282";"227";"237";"254";"267";"289"
"Orteliusbuurt-Zuid";"111";"93";"94";"104";"96";"104";"94";"80";"100";"112";"116"
"Columbusplein e.o.";"341";"240";"250";"239";"251";"203";"205";"227";"234";"231";"233"
"Chassébuurt";"436";"451";"350";"421";"380";"322";"291";"318";"313";"300";"299"
"Filips van Almondekwartier";"68";"88";"57";"82";"65";"49";"41";"55";"62";"48";"51"
"Kortenaerkwartier";"162";"167";"120";"154";"162";"109";"98";"125";"108";"113";"119"
"Van Brakelkwartier";"100";"82";"80";"76";"78";"75";"55";"56";"55";"55";"65"
"De Wester Quartier";"106";"114";"93";"109";"75";"89";"97";"82";"88";"84";"64"
"Bellamybuurt";"590";"518";"518";"543";"512";"445";"494";"513";"542";"484";"478"
"Bellamybuurt-Noord";"208";"164";"162";"169";"172";"145";"146";"169";"164";"165";"138"
"Bellamybuurt-Zuid";"382";"354";"356";"374";"340";"300";"348";"344";"378";"319";"340"
"Da Costabuurt";"605";"613";"597";"657";"564";"457";"474";"520";"583";"538";"477"
"Da Costabuurt-Noord";"605";"613";"597";"657";"564";"457";"474";"520";"583";"538";"477"
"Westindische Buurt";"485";"439";"395";"400";"373";"377";"427";"393";"445";"447";"431"
"Postjeskade e.o.";"198";"174";"146";"173";"144";"164";"160";"162";"170";"202";"176"
"Paramariboplein e.o.";"287";"265";"249";"227";"229";"213";"267";"231";"275";"245";"255"
"Van Lennepbuurt";"719";"616";"653";"579";"634";"568";"569";"552";"555";"549";"552"
"Lootsbuurt";"137";"120";"121";"120";"97";"122";"110";"82";"107";"103";"134"
"Borgerbuurt";"366";"304";"335";"310";"357";"299";"298";"295";"262";"276";"257"
"Da Costabuurt-Zuid";"216";"192";"197";"149";"180";"147";"161";"175";"186";"170";"161"
"Overtoomse Sluis";"575";"559";"473";"505";"455";"402";"434";"396";"466";"380";"452"
"Cremerbuurt-West";"427";"412";"340";"358";"331";"294";"293";"289";"326";"256";"317"
"Vondelparkbuurt-West";"148";"147";"133";"147";"124";"108";"141";"107";"140";"124";"135"
"Helmersbuurt";"938";"828";"833";"771";"715";"626";"691";"667";"649";"523";"710"
"Cremerbuurt-Oost";"266";"223";"256";"222";"212";"179";"165";"176";"178";"140";"183"
"WG-terrein";"349";"345";"299";"254";"256";"182";"236";"203";"227";"206";"247"
"Helmersbuurt-Oost";"323";"260";"278";"295";"247";"265";"290";"288";"244";"177";"280"
"Vondelparkbuurt";"486";"513";"531";"460";"431";"394";"433";"431";"250";"238";"425"
"Vondelparkbuurt-Midden";"109";"93";"100";"99";"71";"69";"80";"89";"62";"69";"79"
"Vondelparkbuurt-Oost";"377";"420";"431";"361";"360";"325";"353";"342";"188";"169";"346"
"Sloterdijk Nieuw-West";"1058";"1245";"990";"974";"1161";"1365";"1298";"1347";"1130";"1015";"1320"
"Sloterdijk De Heining";"20";"23";"23";"18";"12";"14";"43";"48";"23";"24";"40"
"Sloterdijk Poort-Noord";"63";"71";"29";"70";"115";"177";"206";"57";"86";"65";"74"
"Sloterdijk Poort-Zuid";"142";"168";"104";"121";"108";"214";"245";"330";"319";"305";"308"
"Sloterdijk Rhônepark";"238";"291";"221";"116";"148";"208";"135";"145";"97";"84";"151"
"Sloterdijk Donauhoek";"64";"95";"46";"38";"24";"31";"28";"24";"23";"26";"40"
"Bretten-West";"19";"37";"9";"13";"3";"20";"10";"17";"3";"1";"3"
"Bretten-Oost";"55";"69";"55";"49";"52";"47";"42";"57";"51";"38";"70"
"Sloterdijk Stationskwartier";"457";"491";"503";"549";"699";"654";"589";"669";"528";"472";"634"
"Geuzenveld";"1095";"1073";"1093";"1114";"1130";"1045";"1047";"868";"981";"1039";"819"
"Osdorper Binnenpolder";"75";"62";"66";"72";"49";"55";"63";"59";"55";"38";"74"
"De Eendracht";"90";"88";"89";"90";"82";"72";"81";"89";"74";"88";"57"
"Ruys de Beerenbrouckbuurt";"290";"281";"258";"279";"342";"270";"291";"226";"269";"265";"225"
"Eendrachtspark";"23";"23";"31";"22";"17";"15";"40";"21";"21";"29";"27"
"Van Tijenbuurt";"77";"99";"75";"107";"105";"147";"126";"95";"126";"147";"102"
"Dudokbuurt";"253";"265";"286";"279";"254";"227";"219";"168";"249";"256";"157"
"Bakemabuurt";"174";"164";"182";"191";"184";"179";"148";"135";"118";"130";"100"
"Wegener Sleeswijkbuurt";"113";"91";"106";"74";"97";"80";"79";"75";"69";"86";"77"
"Slotermeer-West";"771";"799";"740";"734";"726";"694";"624";"652";"708";"693";"664"
"Jan de Louterbuurt";"265";"278";"250";"258";"273";"240";"229";"193";"254";"221";"235"
"Lodewijk van Deysselbuurt";"293";"314";"268";"260";"233";"229";"208";"240";"247";"243";"221"
"Confuciusbuurt";"213";"207";"222";"216";"220";"225";"187";"219";"207";"229";"208"
"Slotermeer-Noordoost";"1176";"1056";"976";"949";"907";"811";"730";"737";"736";"730";"771"
"Arondeusbuurt";"245";"246";"211";"189";"168";"177";"180";"163";"198";"170";"163"
"Coronelbuurt";"100";"90";"65";"88";"68";"71";"53";"57";"78";"62";"65"
"Meerwaldtbuurt";"295";"258";"219";"216";"201";"168";"165";"179";"152";"178";"178"
"Dobbebuurt";"536";"462";"481";"456";"470";"395";"332";"338";"308";"320";"365"
"Slotermeer-Zuidoost";"892";"848";"754";"656";"660";"617";"603";"726";"699";"695";"721"
"Dichtersbuurt";"93";"102";"113";"80";"89";"77";"100";"104";"82";"84";"90"
"Louis Couperusbuurt";"318";"325";"241";"224";"146";"169";"170";"194";"179";"195";"170"
"Noordoever Sloterplas";"413";"351";"307";"281";"344";"295";"286";"340";"396";"367";"378"
"Sloterpark";"68";"70";"93";"71";"81";"76";"47";"88";"42";"49";"83"
"Lutkemeer/Ookmeer";"181";"144";"157";"140";"147";"163";"200";"177";"206";"215";"183"
"Osdorper Bovenpolder";"49";"56";"57";"43";"49";"43";"48";"46";"57";"52";"41"
"Ookmeer";"69";"63";"71";"64";"55";"76";"85";"63";"71";"64";"83"
"Bedrijvenpark Lutkemeer";"63";"25";"29";"33";"43";"44";"67";"68";"78";"99";"59"
"De Aker";"672";"610";"619";"633";"539";"579";"596";"523";"551";"506";"482"
"Middelveldsche Akerpolder";"168";"156";"189";"173";"127";"145";"156";"127";"134";"129";"119"
"De Aker-West";"182";"171";"151";"167";"172";"197";"174";"170";"167";"176";"151"
"De Aker-Oost";"322";"283";"279";"293";"240";"237";"266";"226";"250";"201";"212"
"De Punt";"517";"466";"450";"503";"437";"500";"532";"455";"468";"433";"478"
"Bedrijvencentrum Osdorp";"89";"71";"101";"139";"130";"173";"176";"152";"117";"104";"115"
"Dijkgraafpleinbuurt";"428";"395";"349";"364";"307";"327";"356";"303";"351";"329";"363"
"Osdorp-Midden";"1055";"1102";"882";"916";"913";"995";"899";"857";"866";"735";"704"
"Reimerswaal";"237";"249";"152";"219";"224";"323";"247";"163";"134";"121";"107"
"Botteskerkbuurt";"202";"207";"166";"165";"147";"147";"169";"166";"180";"143";"135"
"Zuidwestkwadrant-Noord";"253";"237";"237";"194";"218";"206";"175";"223";"203";"197";"194"
"Zuidwestkwadrant-Zuid";"363";"409";"327";"338";"324";"319";"308";"305";"349";"274";"268"
"Osdorp-Oost";"1738";"1612";"1430";"1350";"1270";"1408";"1266";"1239";"1206";"1081";"1133"
"Wildeman";"392";"362";"342";"349";"304";"358";"346";"349";"347";"345";"277"
"Meer en Oever";"170";"179";"151";"119";"136";"153";"138";"130";"136";"120";"114"
"Osdorpplein e.o.";"754";"679";"603";"517";"518";"541";"455";"450";"420";"355";"462"
"Calandlaan/Lelylaan";"104";"118";"106";"102";"94";"97";"101";"83";"66";"81";"67"
"Osdorp-Zuidoost";"318";"274";"228";"263";"218";"259";"226";"227";"237";"180";"213"
"Slotervaart-Noord";"527";"521";"538";"594";"653";"568";"542";"495";"421";"380";"446"
"Oostoever Sloterplas";"109";"106";"82";"87";"71";"67";"67";"67";"76";"54";"97"
"Emanuel van Meterenbuurt";"148";"140";"167";"134";"145";"135";"120";"115";"107";"113";"103"
"Jacob Geelbuurt";"270";"275";"289";"373";"437";"366";"355";"313";"238";"213";"246"
"Overtoomse Veld";"1092";"1058";"971";"1087";"1051";"933";"850";"841";"905";"932";"828"
"Lucas/Andreasziekenhuis e.o.";"73";"65";"90";"107";"118";"86";"111";"116";"90";"104";"76"
"Overtoomse Veld-Noord";"331";"339";"275";"349";"310";"244";"235";"230";"323";"289";"248"
"Rembrandtpark-Noord";"153";"130";"147";"130";"165";"142";"126";"108";"110";"109";"114"
"Overtoomse Veld-Zuid";"317";"329";"285";"309";"281";"285";"225";"273";"241";"290";"255"
"Rembrandtpark-Zuid";"152";"143";"134";"143";"136";"133";"111";"86";"91";"102";"90"
"Johan Jongkindbuurt";"66";"52";"40";"49";"41";"43";"42";"28";"50";"38";"45"
"Slotervaart-Zuid";"960";"841";"812";"922";"841";"888";"833";"748";"633";"629";"690"
"Louis Crispijnbuurt";"296";"229";"228";"285";"238";"257";"206";"218";"187";"176";"187"
"Jacques Veldmanbuurt";"279";"310";"274";"285";"276";"299";"311";"259";"205";"185";"226"
"Medisch Centrum Slotervaart";"111";"74";"89";"103";"107";"95";"72";"58";"51";"54";"64"
"Staalmanbuurt";"274";"228";"221";"249";"220";"237";"244";"213";"190";"214";"213"
"Westlandgracht";"985";"768";"746";"801";"878";"790";"874";"825";"839";"844";"945"
"Schipluidenbuurt";"71";"42";"34";"35";"44";"78";"73";"75";"75";"87";"95"
"Koningin Wilhelminaplein";"201";"166";"128";"150";"180";"182";"134";"140";"165";"162";"133"
"Andreasterrein";"142";"119";"94";"114";"116";"83";"109";"79";"90";"92";"79"
"Delflandpleinbuurt-West";"342";"272";"282";"291";"318";"271";"290";"292";"289";"280";"400"
"Delflandpleinbuurt-Oost";"194";"128";"181";"170";"183";"135";"188";"171";"140";"136";"136"
"Riekerhaven";"35";"41";"27";"41";"37";"41";"80";"68";"80";"87";"102"
"Sloten/Nieuw-Sloten";"1027";"881";"869";"852";"864";"826";"723";"720";"774";"686";"723"
"Dorp Sloten";"75";"58";"57";"49";"39";"54";"59";"36";"47";"38";"53"
"Nieuw-Sloten-Noordwest";"170";"134";"140";"125";"119";"117";"94";"92";"118";"76";"80"
"Nieuw-Sloten-Noordoost";"165";"180";"157";"169";"167";"164";"109";"113";"110";"113";"98"
"Nieuw-Sloten-Zuidwest";"87";"72";"69";"72";"59";"81";"65";"66";"77";"49";"45"
"Belgiëplein e.o.";"118";"84";"89";"92";"88";"79";"85";"79";"68";"77";"80"
"Nieuw-Sloten-Zuidoost";"104";"96";"105";"93";"81";"88";"80";"98";"80";"93";"70"
"Sloterweg e.o.";"61";"56";"38";"51";"46";"40";"53";"44";"44";"51";"59"
"Park Haagseweg";"13";"19";"19";"11";"11";"28";"13";"20";"17";"11";"14"
"Riekerpolder";"54";"57";"51";"49";"64";"48";"59";"69";"51";"53";"52"
"Nieuwe Meer";"180";"125";"144";"141";"190";"127";"106";"103";"162";"125";"172"
"Hoofddorppleinbuurt";"1008";"939";"933";"971";"846";"751";"775";"723";"917";"783";"870"
"Westlandgrachtbuurt";"194";"228";"203";"204";"192";"176";"173";"157";"192";"198";"165"
"Surinamepleinbuurt";"120";"91";"84";"99";"69";"77";"105";"97";"98";"68";"95"
"Legmeerpleinbuurt";"160";"116";"133";"152";"99";"112";"99";"101";"121";"95";"120"
"Aalsmeerwegbuurt-West";"154";"152";"149";"155";"126";"111";"116";"120";"140";"117";"141"
"Aalsmeerwegbuurt-Oost";"151";"153";"162";"148";"153";"105";"122";"108";"156";"150";"150"
"Bedrijventerrein Schinkel";"229";"199";"202";"213";"207";"170";"160";"140";"210";"155";"199"
"Schinkelbuurt";"322";"317";"332";"279";"288";"283";"272";"222";"267";"230";"214"
"Schinkelbuurt-Noord";"193";"177";"185";"156";"162";"140";"135";"120";"153";"136";"130"
"Schinkelbuurt-Zuid";"129";"140";"147";"123";"126";"143";"137";"102";"114";"94";"84"
"Willemspark";"528";"491";"456";"466";"410";"338";"357";"394";"467";"347";"492"
"Vondelpark-West";"3";"5";"8";"6";"5";"2";"2";"3";"1";"2";"3"
"Willemsparkbuurt-Noord";"199";"161";"150";"126";"152";"115";"122";"154";"160";"102";"195"
"Valeriusbuurt-West";"188";"191";"165";"194";"152";"138";"141";"132";"170";"146";"174"
"Valeriusbuurt-Oost";"138";"134";"133";"140";"101";"83";"92";"105";"136";"97";"120"
"Museumkwartier";"2211";"2211";"2345";"2246";"1937";"1686";"1793";"1924";"1584";"2136";"1580"
"Vondelpark-Oost";"179";"165";"235";"238";"166";"103";"108";"96";"78";"167";"102"
"Cornelis Schuytbuurt";"263";"244";"230";"220";"211";"191";"221";"207";"272";"241";"248"
"Concertgebouwbuurt";"257";"259";"268";"220";"209";"190";"203";"201";"192";"210";"199"
"P.C. Hooftbuurt";"403";"391";"451";"418";"344";"322";"408";"391";"243";"325";"261"
"Museumplein";"370";"410";"456";"569";"418";"350";"313";"436";"246";"659";"212"
"Banpleinbuurt";"98";"77";"82";"68";"71";"55";"42";"53";"60";"61";"74"
"Hondecoeterbuurt";"186";"170";"170";"147";"109";"116";"129";"163";"149";"118";"139"
"Johannes Vermeerbuurt";"241";"263";"250";"201";"215";"172";"225";"212";"185";"193";"177"
"Duivelseiland";"134";"140";"123";"100";"111";"98";"91";"103";"103";"90";"99"
"Harmoniehofbuurt";"80";"92";"80";"65";"83";"89";"53";"62";"56";"72";"69"
"Oude Pijp";"2044";"2107";"2082";"1864";"1962";"1734";"1708";"1671";"1512";"1443";"1539"
"Frans Halsbuurt";"346";"387";"354";"344";"340";"284";"260";"259";"216";"195";"281"
"Gerard Doubuurt";"443";"360";"497";"363";"353";"417";"416";"400";"320";"306";"297"
"Hercules Seghersbuurt";"286";"365";"347";"291";"326";"264";"249";"269";"270";"240";"254"
"Sarphatiparkbuurt";"682";"723";"621";"626";"689";"512";"560";"514";"502";"491";"503"
"Hemonybuurt";"287";"272";"263";"240";"254";"257";"223";"229";"204";"211";"204"
"Nieuwe Pijp";"1282";"1118";"989";"1002";"1018";"916";"859";"818";"866";"751";"836"
"Cornelis Troostbuurt";"322";"296";"255";"249";"245";"236";"248";"241";"261";"197";"211"
"Lizzy Ansinghbuurt";"340";"240";"233";"209";"211";"194";"209";"183";"167";"159";"166"
"Van der Helstpleinbuurt";"420";"368";"314";"318";"376";"320";"209";"261";"264";"237";"247"
"Willibrordusbuurt";"200";"214";"187";"226";"186";"166";"193";"133";"174";"158";"212"
"Zuid Pijp";"462";"454";"444";"448";"401";"386";"365";"409";"408";"390";"436"
"BurgemeesterTellegenbuurt-West";"143";"131";"125";"140";"94";"122";"107";"107";"108";"103";"123"
"Burgemeester Tellegenbuurt-Oost";"169";"162";"162";"157";"129";"129";"137";"163";"157";"147";"151"
"Diamantbuurt";"150";"161";"157";"151";"178";"135";"121";"139";"143";"140";"162"
"Stadionbuurt";"948";"859";"864";"906";"785";"756";"761";"1024";"944";"765";"787"
"Bertelmanpleinbuurt";"55";"35";"46";"62";"35";"52";"28";"51";"46";"41";"44"
"Olympisch Stadion e.o.";"217";"263";"154";"216";"188";"164";"275";"452";"278";"238";"250"
"Marathonbuurt-West";"118";"117";"130";"136";"107";"133";"102";"117";"121";"111";"101"
"Marathonbuurt-Oost";"104";"97";"121";"103";"87";"79";"86";"90";"105";"86";"77"
"Van Tuyllbuurt";"345";"266";"330";"295";"270";"273";"214";"225";"273";"214";"245"
"IJsbaanpad e.o.";"109";"81";"83";"94";"98";"55";"56";"89";"121";"75";"70"
"Apollobuurt";"874";"765";"678";"712";"679";"575";"584";"647";"702";"649";"707"
"Hiltonbuurt";"51";"49";"43";"38";"42";"41";"33";"35";"26";"46";"36"
"Minervabuurt-Noord";"140";"121";"108";"119";"113";"86";"88";"95";"149";"91";"140"
"Minervabuurt-Midden";"172";"178";"138";"175";"182";"109";"106";"145";"170";"150";"170"
"Minervabuurt-Zuid";"169";"153";"153";"136";"144";"114";"113";"160";"134";"142";"134"
"Beethovenbuurt";"208";"170";"133";"134";"107";"122";"138";"105";"123";"131";"121"
"Diepenbrockbuurt";"134";"94";"103";"110";"91";"103";"106";"107";"100";"89";"106"
"Scheldebuurt";"1019";"1211";"1018";"1118";"1001";"889";"936";"945";"812";"856";"862"
"Wielingenbuurt";"134";"170";"167";"157";"132";"127";"150";"147";"124";"134";"108"
"Scheldebuurt-West";"331";"411";"299";"356";"344";"284";"270";"260";"216";"241";"270"
"Scheldebuurt-Midden";"161";"198";"152";"197";"138";"154";"155";"167";"144";"171";"169"
"Scheldebuurt-Oost";"229";"228";"194";"189";"142";"123";"159";"176";"164";"158";"160"
"Veluwebuurt";"70";"78";"68";"66";"90";"64";"67";"64";"63";"53";"51"
"Kop Zuidas";"94";"126";"138";"153";"155";"137";"135";"131";"101";"99";"104"
"IJselbuurt";"506";"417";"411";"412";"385";"354";"322";"336";"340";"271";"344"
"IJselbuurt-West";"229";"190";"189";"194";"168";"163";"143";"139";"152";"134";"148"
"IJselbuurt-Oost";"277";"227";"222";"218";"217";"191";"179";"197";"188";"137";"196"
"Rijnbuurt";"701";"708";"563";"634";"557";"492";"437";"525";"474";"454";"456"
"Kromme Mijdrechtbuurt";"232";"242";"192";"176";"179";"161";"143";"152";"130";"151";"118"
"Rijnbuurt-West";"89";"73";"63";"91";"52";"40";"45";"62";"62";"67";"64"
"Rijnbuurt-Midden";"245";"234";"173";"204";"202";"114";"138";"184";"161";"126";"163"
"Rijnbuurt-Oost";"121";"143";"123";"145";"116";"163";"105";"122";"111";"96";"100"
"Zorgvlied";"14";"16";"12";"18";"8";"14";"6";"5";"10";"14";"11"
"Prinses Irenebuurt e.o.";"151";"159";"146";"175";"132";"144";"111";"103";"98";"101";"106"
"Prinses Irenebuurt";"137";"153";"140";"168";"123";"131";"105";"97";"93";"90";"98"
"Beatrixpark";"14";"6";"6";"7";"9";"13";"6";"6";"5";"11";"8"
"Zuidas";"1113";"1318";"1284";"1227";"1058";"1042";"1198";"1467";"1019";"912";"1208"
"Zuidas-Noord";"418";"557";"582";"539";"451";"378";"401";"505";"399";"365";"454"
"RAI";"281";"335";"293";"280";"234";"251";"302";"324";"203";"102";"219"
"VU-kwartier";"217";"187";"207";"181";"136";"182";"206";"246";"125";"137";"134"
"Zuidas-Zuid";"135";"168";"148";"144";"142";"164";"214";"286";"187";"251";"301"
"Vivaldi";"62";"71";"54";"83";"95";"67";"75";"106";"105";"57";"100"
"Buitenveldert-West";"926";"873";"739";"815";"769";"748";"725";"907";"776";"693";"673"
"Amsterdamse Bos";"55";"39";"24";"34";"35";"69";"37";"45";"38";"33";"27"
"Zuiderhof";"22";"20";"14";"24";"16";"19";"22";"25";"20";"27";"24"
"Buitenveldert-West-Midden";"74";"63";"48";"41";"48";"65";"66";"70";"56";"48";"40"
"Gelderlandpleinbuurt";"330";"332";"242";"290";"284";"251";"264";"318";"264";"225";"260"
"Buitenveldert-Zuidwest";"279";"262";"256";"266";"250";"224";"209";"293";"248";"225";"210"
"Buitenveldert-Zuid-Midden";"166";"157";"155";"160";"136";"120";"127";"156";"150";"135";"112"
"Buitenveldert-Oost";"496";"504";"448";"467";"469";"434";"411";"435";"403";"405";"442"
"De Klenckebuurt";"56";"69";"72";"70";"58";"65";"42";"47";"34";"27";"30"
"Buitenveldert-Oost-Midden";"130";"141";"146";"158";"155";"130";"151";"156";"162";"161";"182"
"Buitenveldert-Zuidoost";"203";"184";"147";"178";"184";"189";"182";"196";"161";"157";"158"
"Amstelpark";"107";"110";"83";"61";"72";"50";"36";"36";"46";"60";"72"
"Oostelijk Havengebied";"1354";"1254";"1093";"1192";"1227";"1072";"1074";"1084";"971";"697";"908"
"Java-eiland";"172";"183";"154";"123";"122";"121";"118";"100";"105";"75";"92"
"KNSM-eiland";"96";"99";"84";"96";"85";"80";"67";"161";"71";"63";"61"
"Oostelijke Handelskade";"246";"248";"202";"242";"234";"209";"281";"223";"165";"132";"207"
"Rietlanden";"279";"236";"228";"244";"280";"230";"194";"174";"155";"113";"154"
"Sporenburg";"96";"78";"76";"91";"77";"80";"69";"87";"94";"47";"43"
"Borneo";"99";"105";"93";"108";"87";"99";"87";"86";"92";"58";"53"
"Entrepot-Noordwest";"143";"128";"111";"109";"160";"106";"90";"86";"128";"48";"52"
"Bedrijvengebied Veelaan";"28";"21";"12";"28";"23";"22";"20";"16";"18";"23";"7"
"Architectenbuurt";"119";"86";"68";"81";"85";"51";"59";"53";"63";"44";"60"
"Cruquiusbuurt";"45";"29";"33";"39";"41";"39";"53";"56";"51";"67";"142"
"Bedrijvengebied Zeeburgerkade";"31";"41";"32";"31";"33";"35";"36";"42";"29";"27";"37"
"Weesperzijde";"743";"712";"717";"647";"763";"811";"685";"762";"533";"524";"587"
"Weesperzijde-Noord";"209";"186";"219";"196";"202";"195";"201";"239";"171";"142";"151"
"Weesperzijde-Midden/Zuid";"314";"285";"309";"303";"368";"381";"335";"374";"265";"263";"271"
"Parooldriehoek";"220";"241";"189";"148";"193";"235";"149";"149";"97";"119";"165"
"Oosterparkbuurt";"1232";"1242";"1304";"1194";"1341";"1162";"1080";"986";"990";"1092";"1146"
"Oosterparkbuurt-Noordwest";"341";"368";"382";"324";"476";"390";"405";"339";"398";"347";"391"
"Oosterpark";"125";"92";"138";"178";"138";"120";"164";"137";"74";"96";"150"
"Oosterparkbuurt-Zuidwest";"279";"287";"312";"225";"255";"213";"199";"224";"227";"253";"265"
"Oosterparkbuurt-Zuidoost";"487";"495";"472";"467";"472";"439";"312";"286";"291";"396";"340"
"Transvaalbuurt";"592";"614";"595";"640";"574";"596";"461";"517";"496";"419";"477"
"Transvaalbuurt-West";"223";"238";"217";"236";"209";"254";"190";"204";"201";"173";"219"
"Transvaalbuurt-Oost";"369";"376";"378";"404";"365";"342";"271";"313";"295";"246";"258"
"Dapperbuurt";"1341";"1279";"1405";"1352";"1509";"1227";"947";"931";"917";"794";"1045"
"Dapperbuurt-Noord";"529";"508";"582";"549";"540";"426";"295";"264";"277";"276";"270"
"Dapperbuurt-Zuid";"525";"460";"415";"389";"434";"373";"289";"281";"319";"235";"325"
"Oostpoort";"287";"311";"408";"414";"535";"428";"363";"386";"321";"283";"450"
"Indische Buurt-West";"1249";"1087";"1009";"1053";"936";"842";"680";"673";"660";"588";"632"
"Timorpleinbuurt-Noord";"463";"422";"383";"449";"365";"294";"248";"230";"217";"227";"252"
"Timorpleinbuurt-Zuid";"372";"371";"360";"331";"361";"318";"246";"244";"252";"202";"201"
"Ambonpleinbuurt";"414";"294";"266";"273";"210";"230";"186";"199";"191";"159";"179"
"Indische Buurt-Oost";"915";"795";"720";"743";"788";"732";"560";"608";"598";"523";"533"
"Makassarpleinbuurt";"580";"463";"443";"446";"503";"445";"323";"358";"335";"306";"294"
"Zeeburgerdijk-Oost";"50";"53";"30";"38";"35";"25";"29";"26";"28";"24";"42"
"Sumatraplantsoenbuurt";"242";"243";"205";"217";"210";"220";"176";"188";"188";"168";"172"
"Flevopark";"43";"36";"42";"42";"40";"42";"32";"36";"47";"25";"25"
"Zeeburgereiland/Bovendiep";"165";"222";"216";"227";"221";"292";"273";"330";"376";"293";"325"
"Sluisbuurt";"41";"46";"48";"31";"25";"19";"19";"28";"28";"34";"34"
"Sportheldenbuurt";"2";"1";"7";"22";"33";"93";"123";"174";"179";"174";"150"
"Oostpunt Zeeburgereiland";"35";"25";"22";"17";"20";"22";"27";"35";"38";"31";"61"
"Baaibuurt-West";"22";"36";"39";"60";"66";"53";"27";"40";"30";"8";"7"
"Baaibuurt-Oost";"19";"54";"38";"45";"40";"45";"36";"38";"47";"25";"33"
"Bovendiep/Diemerpark";"46";"60";"62";"52";"37";"60";"41";"15";"54";"21";"40"
"IJburg-West";"689";"844";"747";"857";"782";"782";"627";"552";"695";"648";"610"
"Steigereiland-Zuid";"140";"160";"139";"155";"148";"165";"125";"109";"160";"137";"140"
"Steigereiland-Noord";"77";"91";"63";"61";"80";"69";"54";"54";"50";"44";"43"
"Rieteilanden-West";"81";"125";"108";"107";"98";"99";"91";"87";"97";"95";"69"
"Joris Ivenspleinbuurt";"168";"185";"195";"235";"217";"215";"151";"115";"165";"141";"164"
"Ed Pelsterparkbuurt";"223";"283";"242";"299";"239";"234";"206";"187";"223";"231";"194"
"IJburg-Oost";"38";"34";"18";"10";"14";"12";"12";"4";"16";"16";"26"
"Buiteneiland";"0";"0";"0";"0";"0";"0";"0";"0";"0";"0";"0"
"Pampusbuurt-West";"0";"0";"0";"0";"0";"0";"0";"0";"0";"0";"0"
"Pampusbuurt-Oost";"0";"0";"0";"0";"0";"0";"0";"0";"0";"0";"0"
"Centrumeiland";"38";"34";"18";"10";"14";"12";"12";"4";"16";"16";"26"
"Muidenbuurt-West";"0";"0";"0";"0";"0";"0";"0";"0";"0";"0";"0"
"IJburg-Zuid";"346";"380";"381";"353";"337";"383";"323";"301";"373";"332";"270"
"Havenkwartier IJburg";"129";"135";"172";"148";"121";"155";"134";"132";"147";"122";"113"
"Theo van Goghparkbuurt";"215";"239";"204";"203";"211";"212";"184";"159";"216";"205";"152"
"Rieteiland-Oost";"2";"6";"5";"2";"5";"16";"5";"10";"10";"5";"5"
"Frankendael";"1235";"1367";"1345";"1351";"1183";"1166";"1229";"1175";"891";"901";"981"
"Van der Kunbuurt";"108";"179";"141";"140";"130";"115";"107";"107";"69";"77";"117"
"De Eenhoorn";"202";"186";"186";"224";"251";"210";"219";"191";"177";"213";"207"
"Don Bosco";"132";"121";"143";"175";"144";"139";"138";"105";"104";"100";"119"
"Julianapark";"497";"505";"496";"399";"346";"387";"435";"470";"219";"201";"281"
"Frankendael";"74";"59";"73";"123";"48";"50";"63";"52";"55";"57";"51"
"Tuindorp Amstelstation";"31";"33";"42";"43";"52";"40";"50";"42";"45";"52";"39"
"De Wetbuurt";"65";"104";"105";"101";"102";"90";"84";"77";"61";"65";"41"
"Tuindorp Frankendael";"126";"180";"159";"146";"110";"135";"133";"131";"161";"136";"126"
"Middenmeer";"1110";"1179";"1079";"1002";"964";"885";"870";"919";"932";"690";"834"
"Linnaeusparkbuurt";"217";"213";"196";"207";"206";"143";"188";"169";"159";"141";"152"
"Middenmeer-Noord";"139";"137";"138";"129";"109";"83";"91";"100";"123";"82";"105"
"Middenmeer-Zuid";"364";"415";"333";"316";"253";"279";"304";"326";"313";"189";"273"
"Science Park-Noord";"82";"91";"137";"103";"124";"111";"107";"110";"128";"83";"114"
"Science Park-Zuid";"70";"56";"51";"43";"51";"66";"69";"91";"85";"46";"62"
"Sportpark Middenmeer-Zuid";"125";"112";"94";"102";"66";"83";"42";"40";"38";"37";"46"
"Sportpark Middenmeer-Noord";"20";"33";"25";"20";"20";"36";"24";"29";"25";"39";"25"
"Park de Meer";"54";"54";"73";"44";"62";"41";"28";"33";"29";"43";"34"
"Sportpark Voorland";"39";"68";"32";"38";"73";"43";"17";"21";"32";"30";"23"
"Betondorp";"161";"169";"167";"208";"203";"161";"150";"158";"193";"160";"139"
"Drieburg";"20";"33";"35";"53";"57";"36";"21";"29";"23";"18";"18"
"Nieuwe Oosterbegraafplaats";"4";"2";"7";"13";"9";"7";"7";"8";"11";"8";"9"
"Betondorp";"137";"134";"125";"142";"137";"118";"122";"121";"159";"134";"112"
"Omval/Overamstel";"705";"736";"612";"620";"556";"566";"533";"577";"637";"496";"456"
"De Omval";"170";"189";"167";"160";"127";"130";"126";"114";"93";"87";"93"
"Overamstel";"21";"22";"9";"17";"13";"11";"16";"10";"19";"16";"9"
"Amstelglorie";"56";"56";"21";"22";"50";"24";"17";"17";"40";"14";"40"
"Amstelkwartier-West";"108";"99";"75";"66";"70";"86";"79";"105";"111";"106";"63"
"Amstelkwartier-Noord";"84";"93";"71";"94";"91";"104";"96";"112";"167";"120";"116"
"Amstelkwartier-Zuid";"60";"53";"49";"36";"44";"51";"60";"99";"89";"55";"60"
"Weespertrekvaart";"206";"224";"220";"225";"161";"160";"139";"120";"118";"98";"75"
"Oostzanerwerf";"589";"559";"467";"513";"471";"493";"433";"381";"498";"411";"386"
"Noorder IJplas";"16";"14";"9";"15";"17";"19";"15";"20";"16";"22";"33"
"Melkweg/Oostzanerwerf";"34";"30";"35";"38";"42";"30";"31";"23";"30";"30";"26"
"Walvisbuurt";"86";"75";"77";"67";"52";"49";"57";"30";"55";"50";"36"
"Twiske-West";"73";"84";"78";"77";"52";"68";"49";"49";"62";"79";"59"
"Oostzanerdijk";"12";"17";"21";"14";"21";"27";"13";"12";"14";"9";"11"
"Circus/Kermisbuurt";"99";"72";"64";"65";"57";"79";"52";"66";"71";"65";"47"
"Molenwijk";"269";"267";"183";"237";"230";"221";"216";"181";"250";"156";"174"
"Noordelijke IJ-oevers-West";"568";"643";"683";"732";"679";"740";"761";"852";"711";"619";"931"
"Cornelis Douwesterrein-West";"24";"21";"12";"29";"32";"34";"24";"48";"34";"25";"32"
"Cornelis Douwesterrein-Oost";"66";"37";"53";"45";"63";"48";"41";"52";"55";"51";"77"
"NDSM terrein";"188";"289";"298";"311";"256";"324";"348";"368";"226";"261";"336"
"Buiksloterham-Zuid";"85";"92";"84";"108";"77";"73";"65";"73";"81";"68";"105"
"Buiksloterham-Noord";"77";"76";"88";"82";"104";"105";"99";"107";"120";"82";"84"
"Klaprozenbuurt";"65";"48";"66";"57";"42";"31";"46";"37";"63";"36";"55"
"Overhoeks";"63";"80";"82";"100";"105";"125";"138";"167";"132";"96";"242"
"Tuindorp Oostzaan";"499";"470";"538";"493";"458";"444";"406";"458";"480";"406";"446"
"Tuindorp Oostzaan-West";"47";"45";"46";"40";"43";"30";"28";"36";"40";"38";"27"
"Tuindorp Oostzaan-Oost";"219";"170";"248";"197";"155";"182";"132";"138";"138";"123";"160"
"Terrasdorp";"194";"216";"198";"192";"208";"188";"185";"195";"195";"169";"176"
"De Bongerd";"39";"39";"46";"64";"52";"44";"61";"89";"107";"76";"83"
"Kadoelen";"166";"188";"177";"169";"190";"171";"132";"175";"189";"150";"143"
"Twiske-Oost";"37";"46";"41";"43";"39";"30";"30";"24";"37";"32";"28"
"Kadoelen";"129";"142";"136";"126";"151";"141";"102";"151";"152";"118";"115"
"Banne Buiksloot";"969";"970";"903";"886";"785";"650";"674";"667";"723";"636";"644"
"Banne-Noordwest";"177";"207";"168";"153";"133";"116";"134";"110";"136";"104";"96"
"Banne-Noordoost";"242";"197";"223";"168";"150";"162";"162";"143";"157";"144";"148"
"Banne-Zuidwest";"224";"218";"189";"190";"190";"130";"127";"127";"154";"155";"145"
"Banne-Zuidoost";"295";"310";"274";"327";"272";"208";"213";"259";"244";"209";"218"
"Buiksloterbreek";"5";"15";"19";"20";"15";"15";"15";"12";"11";"7";"9"
"Marjoleinterrein";"26";"23";"30";"28";"25";"19";"23";"16";"21";"17";"28"
"Nieuwendammerdijk/Buiksloterdijk";"111";"112";"118";"110";"100";"72";"67";"96";"68";"55";"70"
"Buiksloterdijk-West";"7";"11";"10";"16";"20";"5";"8";"8";"8";"11";"12"
"Buiksloterdijk-Oost";"8";"7";"7";"9";"14";"7";"5";"7";"8";"9";"6"
"Nieuwendammerdijk-West";"53";"70";"64";"53";"50";"45";"41";"64";"30";"20";"29"
"Nieuwendammerdijk-Oost";"33";"17";"24";"27";"11";"13";"9";"13";"16";"10";"18"
"Nieuwendammerdijk-Zuid";"10";"7";"13";"5";"5";"2";"4";"4";"6";"5";"5"
"Elzenhagen";"106";"142";"156";"142";"154";"157";"163";"236";"275";"277";"368"
"Elzenhagen-Noord";"45";"44";"62";"64";"63";"58";"56";"81";"88";"75";"94"
"Elzenhagen-Zuid";"52";"90";"92";"73";"86";"96";"101";"147";"182";"198";"268"
"Nintemanterrein";"9";"8";"2";"5";"5";"3";"6";"8";"5";"4";"6"
"Buikslotermeer";"1471";"1392";"1158";"1114";"1079";"914";"858";"943";"808";"910";"1020"
"Buikslotermeer-Noord";"163";"183";"193";"158";"151";"147";"122";"126";"125";"153";"141"
"De Kleine Wereld";"225";"185";"163";"164";"155";"120";"98";"97";"120";"120";"122"
"Loenermark";"136";"146";"82";"87";"104";"68";"81";"98";"84";"85";"89"
"Buikslotermeerplein";"610";"574";"422";"487";"462";"389";"385";"432";"290";"358";"480"
"Plan van Gool";"220";"192";"182";"128";"120";"107";"112";"120";"110";"114";"125"
"Rode Kruisbuurt";"117";"112";"116";"90";"87";"83";"60";"70";"79";"80";"63"
"Waterlandpleinbuurt";"823";"871";"979";"817";"759";"763";"670";"656";"650";"649";"558"
"Markengouw-Noord";"28";"36";"24";"29";"19";"27";"37";"28";"21";"22";"13"
"Markengouw-Midden";"211";"211";"221";"170";"157";"166";"133";"122";"120";"118";"125"
"Markengouw-Zuid";"110";"110";"108";"110";"102";"118";"112";"70";"100";"102";"93"
"Werengouw-Noord";"25";"34";"27";"18";"27";"19";"13";"27";"34";"23";"23"
"Werengouw-Midden";"378";"397";"501";"421";"371";"362";"315";"339";"317";"343";"241"
"Werengouw-Zuid";"71";"83";"98";"69";"83";"71";"60";"70";"58";"41";"63"
"Volewijck";"938";"922";"1075";"920";"820";"853";"796";"878";"732";"598";"738"
"Bloemenbuurt-Noord";"168";"143";"260";"143";"126";"124";"148";"179";"129";"104";"114"
"Bloemenbuurt-Zuid";"219";"195";"226";"158";"165";"145";"135";"144";"151";"154";"118"
"Van der Pekbuurt";"551";"584";"589";"619";"529";"584";"513";"555";"452";"340";"506"
"IJplein/Vogelbuurt";"647";"709";"749";"733";"637";"577";"574";"644";"650";"426";"450"
"Vogelbuurt-Noord";"91";"113";"149";"146";"112";"104";"105";"134";"126";"106";"81"
"Vliegenbos";"34";"54";"70";"55";"42";"35";"26";"41";"27";"19";"21"
"Vogelbuurt-Zuid";"311";"347";"322";"337";"281";"268";"246";"309";"337";"207";"233"
"IJplein e.o.";"211";"195";"208";"195";"202";"170";"197";"160";"160";"94";"115"
"Tuindorp Buiksloot";"102";"88";"117";"96";"89";"65";"79";"71";"78";"56";"58"
"Blauwe Zand";"102";"88";"117";"96";"89";"65";"79";"71";"78";"56";"58"
"Tuindorp Nieuwendam";"153";"163";"164";"166";"112";"140";"129";"147";"115";"125";"118"
"Tuindorp Nieuwendam-West";"31";"46";"61";"59";"33";"40";"29";"37";"25";"26";"38"
"Tuindorp Nieuwendam-Oost";"122";"117";"103";"107";"79";"100";"100";"110";"90";"99";"80"
"Noordelijke IJ-oevers-Oost";"130";"130";"158";"191";"173";"246";"172";"202";"164";"195";"165"
"Hamerstraatkwartier-West";"95";"95";"106";"145";"140";"200";"135";"167";"130";"167";"141"
"Hamerstraatkwartier-Oost";"23";"22";"35";"34";"27";"35";"28";"25";"24";"23";"14"
"Bedrijventerrein Nieuwendammerdijk";"12";"13";"17";"12";"6";"11";"9";"10";"10";"5";"10"
"Waterland";"239";"258";"179";"183";"177";"198";"158";"144";"191";"183";"175"
"Noorderstrook-West";"14";"13";"10";"14";"8";"22";"14";"28";"14";"15";"18"
"Noorderstrook-Oost";"36";"17";"13";"12";"13";"20";"13";"10";"34";"20";"14"
"Zunderdorp";"27";"34";"16";"21";"17";"16";"26";"12";"14";"24";"24"
"Schellingwoude-West";"11";"13";"17";"18";"16";"17";"10";"13";"20";"15";"12"
"Schellingwoude-Oost";"60";"86";"42";"67";"61";"67";"50";"32";"48";"45";"43"
"Schellingwoude-Noord";"22";"39";"39";"13";"16";"12";"10";"12";"20";"13";"15"
"Zwarte Gouw";"11";"6";"4";"7";"5";"5";"2";"4";"3";"3";"7"
"Holysloot";"8";"12";"5";"3";"9";"4";"9";"7";"8";"8";"5"
"Ransdorp";"20";"14";"10";"17";"5";"13";"10";"11";"8";"13";"13"
"Durgerdam";"30";"24";"23";"11";"27";"22";"14";"15";"22";"27";"24"
"Driemond";"58";"83";"72";"60";"65";"63";"40";"39";"64";"43";"39"
"Landelijk gebied Driemond";"19";"38";"27";"26";"18";"13";"8";"9";"19";"15";"12"
"Dorp Driemond";"39";"45";"45";"34";"47";"50";"32";"30";"45";"28";"27"
"Bloemendalerpolder";"41";"50";"49";"43";"36";"55";"28";"46";"58";"64";"71"
"Weespersluis-Noord";"0";"0";"0";"0";"0";"0";"0";"0";"0";"0";"0"
"Waterrijk";"0";"0";"0";"0";"0";"3";"0";"0";"1";"1";"1"
"Lanenrijk";"0";"0";"1";"0";"0";"0";"0";"5";"15";"18";"24"
"Vechtrijk";"5";"6";"4";"1";"5";"3";"1";"4";"1";"2";"3"
"Leeuwenveld";"21";"41";"37";"30";"24";"41";"24";"28";"37";"38";"31"
"Bedrijventerrein Nijverheidslaan";"15";"3";"7";"12";"7";"8";"3";"9";"4";"5";"12"
"Weesp-Noordwest";"504";"523";"505";"492";"397";"349";"350";"311";"345";"308";"342"
"Bedrijventerrein-Noord Weesp";"82";"73";"82";"76";"66";"33";"36";"39";"45";"39";"40"
"Hogewey-Noord";"43";"34";"33";"34";"20";"19";"15";"15";"23";"13";"21"
"Hogewey-Midden";"112";"110";"89";"112";"95";"76";"58";"63";"58";"73";"81"
"Hogewey-Zuid";"45";"77";"61";"68";"64";"53";"50";"45";"58";"50";"42"
"Weesp Dichtersbuurt";"172";"179";"186";"142";"120";"131";"165";"114";"119";"101";"118"
"Weesp Schildersbuurt";"50";"50";"54";"60";"32";"37";"26";"35";"42";"32";"40"
"Weesp Binnenstad/Zuid";"280";"352";"258";"258";"268";"233";"208";"204";"206";"212";"260"
"Herensingelkwartier";"36";"51";"40";"45";"28";"38";"45";"29";"45";"28";"20"
"Bedrijventerrein Van Houten";"32";"20";"26";"15";"42";"29";"26";"18";"20";"18";"22"
"Weesp Centrum";"160";"219";"156";"135";"137";"108";"90";"115";"102";"108";"141"
"Weesp-Zuid I";"19";"33";"16";"24";"25";"27";"17";"17";"12";"24";"29"
"Weesp-Zuid II";"12";"12";"10";"24";"26";"24";"21";"14";"18";"16";"31"
"De Klomp";"21";"17";"10";"15";"10";"7";"9";"11";"9";"18";"17"
"Aetsveld/Oostelijke Vechtoever";"156";"188";"131";"106";"133";"83";"130";"102";"117";"122";"103"
"Aetsveldsepolder";"42";"28";"32";"14";"19";"23";"22";"28";"28";"29";"24"
"Aetsveld-Zuid";"34";"42";"30";"37";"32";"11";"30";"31";"19";"26";"22"
"Aetsveld-Noord";"55";"71";"47";"40";"41";"24";"53";"22";"37";"33";"33"
"Oostelijke Vechtoever";"25";"47";"22";"15";"41";"25";"25";"21";"33";"34";"24"
"Amstel III/Bullewijk";"1625";"1881";"1887";"2011";"1812";"1775";"1700";"1395";"915";"869";"1512"
"Main Center-Southeast";"843";"1056";"1018";"1145";"974";"972";"810";"648";"276";"265";"759"
"Amstel III part C/D-North";"127";"136";"124";"111";"110";"111";"113";"119";"86";"91";"102"
"Amstel III part A/B-North";"264";"284";"339";"334";"317";"336";"420";"320";"223";"212";"322"
"Amstel III part C/D-Zuid";"72";"86";"60";"73";"91";"83";"57";"59";"60";"39";"48"
"Amstel III part A/B-South";"35";"29";"24";"48";"59";"65";"58";"42";"43";"76";"87"
"AMC";"231";"218";"237";"239";"182";"150";"175";"152";"175";"146";"152"
"High Dijk";"53";"72";"85";"61";"79";"58";"67";"55";"52";"40";"42"
"Venserpolder";"549";"559";"535";"553";"483";"509";"520";"468";"395";"453";"407"
"Venserpolder-West";"324";"342";"300";"303";"248";"303";"315";"279";"252";"282";"266"
"Venserpolder-Oost";"225";"217";"235";"250";"235";"206";"205";"189";"143";"171";"141"
"Amsterdamse Poort and surrounding areas";"1717";"1785";"1619";"1472";"1434";"1557";"1631";"1652";"1622";"1563";"1633"
"D-neighborhood";"62";"133";"121";"142";"183";"187";"160";"155";"163";"135";"150"
"F neighborhood";"187";"247";"198";"189";"150";"214";"162";"172";"218";"196";"203"
"Amsterdam Gate";"1318";"1274";"1134";"1024";"971";"1028";"1187";"1221";"1145";"1151";"1172"
"Bird meadow";"42";"42";"46";"26";"34";"33";"28";"18";"36";"19";"27"
"Nelson Mandela Park";"108";"89";"120";"91";"96";"95";"94";"86";"60";"62";"81"
"H-neighborhood";"619";"586";"516";"509";"522";"539";"444";"438";"432";"401";"395"
"Hoptille";"142";"120";"122";"91";"116";"137";"95";"121";"80";"97";"95"
"Straight H neighborhood";"238";"276";"205";"211";"196";"156";"145";"126";"174";"142";"145"
"Hakfort/Huigenbos";"191";"168";"165";"189";"192";"228";"181";"171";"157";"155";"147"
"Huntum";"48";"22";"24";"18";"18";"18";"23";"20";"21";"7";"8"
"Goose hoof and surroundings";"884";"907";"796";"728";"704";"799";"682";"642";"750";"618";"532"
"E-neighborhood";"152";"153";"131";"169";"169";"215";"124";"106";"121";"124";"80"
"G-buurt-West";"583";"594";"524";"423";"406";"461";"439";"381";"465";"394";"387"
"G-buurt-Noord";"149";"160";"141";"136";"129";"123";"119";"155";"164";"100";"65"
"Geerdinkhof/Kantershof";"339";"393";"369";"363";"318";"319";"252";"269";"220";"259";"226"
"G-buurt-Oost";"128";"180";"164";"173";"139";"150";"126";"110";"92";"123";"95"
"Grunder/Koningshoef";"63";"80";"65";"61";"59";"61";"42";"67";"48";"44";"46"
"Kantershof";"148";"133";"140";"129";"120";"108";"84";"92";"80";"92";"85"
"Bijlmer Museum";"529";"654";"624";"486";"564";"583";"664";"675";"606";"515";"530"
"Bijlmer Museum-Noord";"153";"156";"125";"115";"142";"110";"118";"132";"101";"106";"128"
"Bijlmer Museum-Zuid";"163";"163";"153";"175";"145";"179";"180";"230";"181";"146";"146"
"The Chameleon and others";"213";"335";"346";"196";"277";"294";"366";"313";"324";"263";"256"
"K-neighborhood";"444";"473";"373";"399";"349";"418";"346";"368";"368";"390";"342"
"Gooise Kant";"99";"65";"36";"46";"33";"51";"45";"66";"57";"94";"72"
"Kortvoort";"183";"225";"159";"174";"144";"189";"149";"137";"134";"144";"139"
"Kelbergen";"54";"60";"55";"65";"56";"73";"60";"58";"58";"43";"43"
"K-neighborhood-Southwest";"52";"71";"65";"57";"56";"70";"48";"56";"62";"60";"53"
"K-neighborhood-Southeast";"56";"52";"58";"57";"60";"35";"44";"51";"57";"49";"35"
"Holendrecht";"651";"713";"690";"735";"707";"647";"647";"520";"562";"626";"536"
"Holendrecht West";"262";"314";"306";"317";"321";"260";"272";"191";"226";"287";"242"
"Holendrecht-Oost";"150";"137";"128";"126";"119";"114";"125";"115";"127";"122";"107"
"Holendrecht South";"239";"262";"256";"292";"267";"273";"250";"214";"209";"217";"187"
"Nellestein";"316";"364";"380";"290";"261";"224";"213";"209";"262";"211";"254"
"L neighborhood";"173";"190";"206";"199";"169";"152";"150";"133";"167";"168";"150"
"Gaasperpark";"119";"154";"150";"63";"67";"63";"51";"59";"69";"30";"72"
"Gaasperplas";"24";"20";"24";"28";"25";"9";"12";"17";"26";"13";"32"
"Heronsbos";"537";"730";"699";"636";"728";"564";"488";"458";"501";"437";"392"
"Reigersbos 1";"186";"253";"271";"208";"242";"191";"167";"158";"215";"170";"163"
"Reigersbos 2";"165";"227";"188";"200";"227";"155";"126";"126";"112";"92";"88"
"Reigersbos 3";"101";"150";"118";"114";"146";"120";"101";"81";"84";"98";"81"
"Reigersbos 4";"85";"100";"122";"114";"113";"98";"94";"93";"90";"77";"60"
"Gein";"539";"649";"611";"598";"627";"654";"489";"550";"481";"434";"393"
"Gein 1";"177";"236";"211";"237";"261";"227";"171";"175";"147";"154";"141"
"Gein 2";"76";"99";"96";"96";"147";"83";"67";"65";"66";"78";"60"
"Gein 3";"139";"132";"117";"104";"103";"237";"163";"192";"160";"69";"76"
"Gein 4";"147";"182";"187";"161";"116";"107";"88";"118";"108";"133";"116"
"Bron: Politie"
